participant,rule,false_alarms_per_hour,detection_fraction,n_detected
T11,threshold,13.0763,0.0039,3
T11,threshold,13.0763,0.0052,4
T11,threshold,13.0763,0.017,13
T11,threshold,13.0763,0.0275,21
T11,threshold,13.0763,0.0353,27
T11,threshold,13.0763,0.0484,37
T11,threshold,13.0763,0.0628,48
T11,threshold,13.0763,0.0785,60
T11,threshold,13.034,0.0942,72
T11,threshold,13.034,0.1152,88
T11,threshold,13.034,0.1361,104
T11,threshold,12.9917,0.1623,124
T11,threshold,12.9493,0.1793,137
T11,threshold,12.9493,0.2029,155
T11,threshold,12.9493,0.2277,174
T11,threshold,12.907,0.2487,190
T11,threshold,12.8647,0.2853,218
T11,threshold,12.8647,0.3115,238
T11,threshold,12.8224,0.3351,256
T11,threshold,12.8224,0.3599,275
T11,threshold,12.6531,0.3979,304
T11,threshold,12.6531,0.4188,320
T11,threshold,12.6108,0.449,343
T11,threshold,12.6108,0.4935,377
T11,threshold,12.5262,0.5432,415
T11,threshold,12.4838,0.5746,439
T11,threshold,12.4838,0.6113,467
T11,threshold,11.9337,0.6322,483
T11,threshold,10.6642,0.6113,467
T11,threshold,10.2833,0.6008,459
T11,threshold,10.1563,0.6099,466
T11,threshold,9.9871,0.6322,483
T11,threshold,9.8601,0.6597,504
T11,threshold,9.5639,0.6728,514
T11,threshold,9.4793,0.6937,530
T11,threshold,9.3946,0.7081,541
T11,threshold,8.4636,0.7147,546
T11,threshold,7.7019,0.7029,537
T11,threshold,7.6596,0.7003,535
T11,threshold,6.6863,0.6636,507
T11,threshold,5.5437,0.6099,466
T11,threshold,5.1205,0.5916,452
T11,threshold,5.0782,0.5929,453
T11,threshold,5.0782,0.5851,447
T11,threshold,4.4011,0.4935,377
T11,threshold,3.5547,0.4346,332
T11,threshold,3.5124,0.4411,337
T11,threshold,3.4701,0.4437,339
T11,threshold,3.3854,0.4084,312
T11,threshold,2.5391,0.3312,253
T11,threshold,1.862,0.2906,222
T11,threshold,1.7774,0.2827,216
T11,threshold,1.7774,0.2762,211
T11,threshold,1.7774,0.2749,210
T11,threshold,1.7774,0.2709,207
T11,threshold,1.6927,0.2644,202
T11,threshold,1.5235,0.2304,176
T11,threshold,1.1849,0.1846,141
T11,threshold,1.1849,0.1767,135
T11,threshold,1.1003,0.1649,126
T11,threshold,0.8464,0.1178,90
T11,threshold,0.6348,0.0916,70
T11,threshold,0.6348,0.0864,66
T11,threshold,0.6348,0.0864,66
T11,threshold,0.6348,0.0851,65
T11,threshold,0.5925,0.0812,62
T11,threshold,0.3385,0.038,29
T11,threshold,0.0,0.0,0
T11,threshold,0.0,0.0,0
T11,threshold,0.0,0.0,0
T11,threshold,0.0,0.0,0
T11,threshold,0.0,0.0,0
T11,threshold,0.0,0.0,0
T11,threshold,0.0,0.0,0
T11,threshold,0.0,0.0,0
T11,threshold,0.0,0.0,0
T11,threshold,0.0,0.0,0
T11,threshold,0.0,0.0,0
T11,threshold,0.0,0.0,0
T11,threshold,0.0,0.0,0
T11,threshold,0.0,0.0,0
T11,threshold,0.0,0.0,0
T11,threshold,0.0,0.0,0
T11,threshold,0.0,0.0,0
T11,threshold,0.0,0.0,0
T11,threshold,0.0,0.0,0
T11,threshold,0.0,0.0,0
T11,threshold,0.0,0.0,0
T11,threshold,0.0,0.0,0
T11,threshold,0.0,0.0,0
T11,cusum,13.0763,0.0249,19
T11,cusum,13.0763,0.0288,22
T11,cusum,13.0763,0.0301,23
T11,cusum,13.0763,0.0353,27
T11,cusum,13.0763,0.0393,30
T11,cusum,13.0763,0.0458,35
T11,cusum,13.0763,0.0497,38
T11,cusum,13.0763,0.0537,41
T11,cusum,13.0763,0.0576,44
T11,cusum,13.0763,0.0641,49
T11,cusum,13.0763,0.0681,52
T11,cusum,13.034,0.0733,56
T11,cusum,13.034,0.0798,61
T11,cusum,13.034,0.0877,67
T11,cusum,13.034,0.0969,74
T11,cusum,13.034,0.1021,78
T11,cusum,13.034,0.1113,85
T11,cusum,13.034,0.1257,96
T11,cusum,13.034,0.1387,106
T11,cusum,13.034,0.1466,112
T11,cusum,13.034,0.1623,124
T11,cusum,13.034,0.1715,131
T11,cusum,12.9917,0.1832,140
T11,cusum,12.9917,0.2003,153
T11,cusum,12.9917,0.2134,163
T11,cusum,12.9917,0.2264,173
T11,cusum,12.9917,0.2487,190
T11,cusum,12.9493,0.2631,201
T11,cusum,12.9493,0.284,217
T11,cusum,12.9493,0.3141,240
T11,cusum,12.9493,0.339,259
T11,cusum,12.9493,0.3678,281
T11,cusum,12.907,0.3874,296
T11,cusum,12.907,0.4058,310
T11,cusum,12.907,0.4241,324
T11,cusum,12.8647,0.4398,336
T11,cusum,12.8224,0.462,353
T11,cusum,12.7801,0.4895,374
T11,cusum,12.7801,0.5249,401
T11,cusum,12.7801,0.5668,433
T11,cusum,12.7377,0.5955,455
T11,cusum,12.7377,0.6243,477
T11,cusum,12.7377,0.6531,499
T11,cusum,12.6954,0.6702,512
T11,cusum,12.6108,0.6911,528
T11,cusum,12.5685,0.7107,543
T11,cusum,12.5262,0.7317,559
T11,cusum,12.4838,0.7474,571
T11,cusum,12.4415,0.7723,590
T11,cusum,12.3992,0.7932,606
T11,cusum,12.2299,0.8141,622
T11,cusum,12.1453,0.8416,643
T11,cusum,12.0183,0.8573,655
T11,cusum,11.8914,0.8665,662
T11,cusum,11.5528,0.8626,659
T11,cusum,11.2989,0.8547,653
T11,cusum,11.045,0.8534,652
T11,cusum,10.6218,0.8482,648
T11,cusum,10.114,0.8364,639
T11,cusum,9.9024,0.839,641
T11,cusum,9.8178,0.8351,638
T11,cusum,9.4369,0.8312,635
T11,cusum,9.3523,0.8272,632
T11,cusum,9.0984,0.8207,627
T11,cusum,8.9291,0.8141,622
T11,cusum,8.5483,0.8063,616
T11,cusum,8.1251,0.7906,604
T11,cusum,7.5749,0.7683,587
T11,cusum,7.1518,0.7461,570
T11,cusum,6.6439,0.712,544
T11,cusum,5.8822,0.6898,527
T11,cusum,5.5014,0.6505,497
T11,cusum,5.2051,0.6152,470
T11,cusum,4.8666,0.5694,435
T11,cusum,4.4857,0.538,411
T11,cusum,4.1049,0.4987,381
T11,cusum,3.8509,0.466,356
T11,cusum,3.597,0.4319,330
T11,cusum,3.0046,0.4031,308
T11,cusum,2.7507,0.3783,289
T11,cusum,2.5391,0.3521,269
T11,cusum,2.3698,0.3298,252
T11,cusum,2.2429,0.2997,229
T11,cusum,1.9043,0.2762,211
T11,cusum,1.735,0.2526,193
T11,cusum,1.4811,0.2395,183
T11,cusum,1.3965,0.2186,167
T11,cusum,1.1849,0.1937,148
T11,cusum,1.1003,0.1741,133
T11,cusum,0.931,0.1492,114
T11,cusum+spec,12.9917,0.0825,63
T11,cusum+spec,12.9917,0.0864,66
T11,cusum+spec,12.9917,0.0864,66
T11,cusum+spec,12.9917,0.089,68
T11,cusum+spec,12.9917,0.0903,69
T11,cusum+spec,12.9917,0.0955,73
T11,cusum+spec,12.9917,0.0982,75
T11,cusum+spec,12.9917,0.1034,79
T11,cusum+spec,12.9917,0.106,81
T11,cusum+spec,12.9917,0.1073,82
T11,cusum+spec,12.9917,0.1126,86
T11,cusum+spec,12.9917,0.1217,93
T11,cusum+spec,12.9917,0.1257,96
T11,cusum+spec,12.9917,0.1335,102
T11,cusum+spec,12.9917,0.1387,106
T11,cusum+spec,12.9917,0.1453,111
T11,cusum+spec,12.9917,0.1505,115
T11,cusum+spec,12.9917,0.161,123
T11,cusum+spec,12.9917,0.1702,130
T11,cusum+spec,12.9917,0.1767,135
T11,cusum+spec,12.9493,0.1924,147
T11,cusum+spec,12.9493,0.2003,153
T11,cusum+spec,12.9493,0.2107,161
T11,cusum+spec,12.9493,0.2291,175
T11,cusum+spec,12.9493,0.2395,183
T11,cusum+spec,12.907,0.2552,195
T11,cusum+spec,12.907,0.2749,210
T11,cusum+spec,12.907,0.2906,222
T11,cusum+spec,12.907,0.3102,237
T11,cusum+spec,12.907,0.3377,258
T11,cusum+spec,12.907,0.3613,276
T11,cusum+spec,12.8647,0.3874,296
T11,cusum+spec,12.8224,0.4097,313
T11,cusum+spec,12.8224,0.4267,326
T11,cusum+spec,12.8224,0.445,340
T11,cusum+spec,12.7377,0.4594,351
T11,cusum+spec,12.6954,0.4791,366
T11,cusum+spec,12.6954,0.5079,388
T11,cusum+spec,12.6954,0.5419,414
T11,cusum+spec,12.6954,0.5772,441
T11,cusum+spec,12.6531,0.6034,461
T11,cusum+spec,12.6531,0.6348,485
T11,cusum+spec,12.6531,0.6662,509
T11,cusum+spec,12.6108,0.6846,523
T11,cusum+spec,12.5262,0.7094,542
T11,cusum+spec,12.4838,0.7251,554
T11,cusum+spec,12.4415,0.7421,567
T11,cusum+spec,12.3992,0.7565,578
T11,cusum+spec,12.3569,0.7814,597
T11,cusum+spec,12.3146,0.8024,613
T11,cusum+spec,12.1453,0.8207,627
T11,cusum+spec,12.0607,0.8429,644
T11,cusum+spec,11.8914,0.8586,656
T11,cusum+spec,11.8067,0.8678,663
T11,cusum+spec,11.4682,0.8626,659
T11,cusum+spec,11.2143,0.8547,653
T11,cusum+spec,10.9604,0.8534,652
T11,cusum+spec,10.5372,0.8482,648
T11,cusum+spec,10.0294,0.8364,639
T11,cusum+spec,9.8178,0.839,641
T11,cusum+spec,9.7332,0.8351,638
T11,cusum+spec,9.3523,0.8312,635
T11,cusum+spec,9.2677,0.8272,632
T11,cusum+spec,9.0138,0.8207,627
T11,cusum+spec,8.8868,0.8141,622
T11,cusum+spec,8.5483,0.8063,616
T11,cusum+spec,8.1251,0.7906,604
T11,cusum+spec,7.5749,0.7683,587
T11,cusum+spec,7.1518,0.7461,570
T11,cusum+spec,6.6439,0.712,544
T11,cusum+spec,5.8399,0.6898,527
T11,cusum+spec,5.459,0.6505,497
T11,cusum+spec,5.1628,0.6152,470
T11,cusum+spec,4.8243,0.5694,435
T11,cusum+spec,4.4857,0.538,411
T11,cusum+spec,4.1049,0.4987,381
T11,cusum+spec,3.8509,0.466,356
T11,cusum+spec,3.597,0.4319,330
T11,cusum+spec,3.0046,0.4031,308
T11,cusum+spec,2.7507,0.3783,289
T11,cusum+spec,2.5391,0.3521,269
T11,cusum+spec,2.3698,0.3298,252
T11,cusum+spec,2.2429,0.2997,229
T11,cusum+spec,1.9043,0.2762,211
T11,cusum+spec,1.735,0.2526,193
T11,cusum+spec,1.4811,0.2395,183
T11,cusum+spec,1.3965,0.2186,167
T11,cusum+spec,1.1849,0.1937,148
T11,cusum+spec,1.1003,0.1741,133
T11,cusum+spec,0.931,0.1492,114
T5,threshold,16.9441,0.0,0
T5,threshold,16.9441,0.0,0
T5,threshold,16.9441,0.0054,2
T5,threshold,16.9441,0.0108,4
T5,threshold,16.9441,0.0108,4
T5,threshold,16.9441,0.0163,6
T5,threshold,16.9441,0.019,7
T5,threshold,16.9441,0.0217,8
T5,threshold,16.9441,0.0244,9
T5,threshold,16.9441,0.0325,12
T5,threshold,16.9441,0.0434,16
T5,threshold,16.9441,0.0732,27
T5,threshold,16.9441,0.1057,39
T5,threshold,16.9441,0.1789,66
T5,threshold,16.9441,0.2385,88
T5,threshold,16.9441,0.2981,110
T5,threshold,16.9441,0.3686,136
T5,threshold,16.9441,0.439,162
T5,threshold,16.9441,0.5014,185
T5,threshold,16.9026,0.5718,211
T5,threshold,16.9026,0.6504,240
T5,threshold,16.9026,0.7073,261
T5,threshold,16.8195,0.7344,271
T5,threshold,16.7365,0.7751,286
T5,threshold,16.6534,0.794,293
T5,threshold,16.4873,0.8049,297
T5,threshold,16.1135,0.8022,296
T5,threshold,15.6567,0.8157,301
T5,threshold,14.4939,0.8022,296
T5,threshold,13.8294,0.7913,292
T5,threshold,12.7496,0.7425,274
T5,threshold,11.8775,0.7344,271
T5,threshold,10.8392,0.7127,263
T5,threshold,9.8425,0.6992,258
T5,threshold,8.9289,0.6775,250
T5,threshold,8.0152,0.6341,234
T5,threshold,7.5584,0.6152,227
T5,threshold,6.8939,0.5854,216
T5,threshold,6.271,0.5501,203
T5,threshold,5.8972,0.523,193
T5,threshold,5.2743,0.5014,185
T5,threshold,5.0666,0.4797,177
T5,threshold,4.3191,0.4444,164
T5,threshold,3.7377,0.3984,147
T5,threshold,3.0317,0.336,124
T5,threshold,1.9104,0.2439,90
T5,threshold,1.6612,0.2195,81
T5,threshold,1.3289,0.206,76
T5,threshold,1.0798,0.1924,71
T5,threshold,0.7475,0.1518,56
T5,threshold,0.6645,0.1355,50
T5,threshold,0.5399,0.1003,37
T5,threshold,0.0831,0.0081,3
T5,threshold,0.0,0.0,0
T5,threshold,0.0,0.0,0
T5,threshold,0.0,0.0,0
T5,threshold,0.0,0.0,0
T5,threshold,0.0,0.0,0
T5,threshold,0.0,0.0,0
T5,threshold,0.0,0.0,0
T5,threshold,0.0,0.0,0
T5,threshold,0.0,0.0,0
T5,threshold,0.0,0.0,0
T5,threshold,0.0,0.0,0
T5,threshold,0.0,0.0,0
T5,threshold,0.0,0.0,0
T5,threshold,0.0,0.0,0
T5,threshold,0.0,0.0,0
T5,threshold,0.0,0.0,0
T5,threshold,0.0,0.0,0
T5,threshold,0.0,0.0,0
T5,threshold,0.0,0.0,0
T5,threshold,0.0,0.0,0
T5,threshold,0.0,0.0,0
T5,threshold,0.0,0.0,0
T5,threshold,0.0,0.0,0
T5,threshold,0.0,0.0,0
T5,threshold,0.0,0.0,0
T5,threshold,0.0,0.0,0
T5,threshold,0.0,0.0,0
T5,threshold,0.0,0.0,0
T5,threshold,0.0,0.0,0
T5,threshold,0.0,0.0,0
T5,threshold,0.0,0.0,0
T5,threshold,0.0,0.0,0
T5,threshold,0.0,0.0,0
T5,threshold,0.0,0.0,0
T5,threshold,0.0,0.0,0
T5,threshold,0.0,0.0,0
T5,threshold,0.0,0.0,0
T5,cusum,16.9441,0.019,7
T5,cusum,16.9441,0.019,7
T5,cusum,16.9441,0.0217,8
T5,cusum,16.9441,0.0244,9
T5,cusum,16.9441,0.0352,13
T5,cusum,16.9441,0.0407,15
T5,cusum,16.9441,0.0488,18
T5,cusum,16.9441,0.0488,18
T5,cusum,16.9441,0.0569,21
T5,cusum,16.9441,0.0678,25
T5,cusum,16.9441,0.0759,28
T5,cusum,16.9441,0.0921,34
T5,cusum,16.9441,0.1057,39
T5,cusum,16.9441,0.1247,46
T5,cusum,16.9441,0.1436,53
T5,cusum,16.9441,0.168,62
T5,cusum,16.9441,0.1789,66
T5,cusum,16.9441,0.2005,74
T5,cusum,16.9441,0.2304,85
T5,cusum,16.9441,0.2493,92
T5,cusum,16.9441,0.2927,108
T5,cusum,16.9441,0.3442,127
T5,cusum,16.9441,0.3848,142
T5,cusum,16.9441,0.4282,158
T5,cusum,16.9441,0.4526,167
T5,cusum,16.9441,0.4851,179
T5,cusum,16.9441,0.5176,191
T5,cusum,16.9026,0.5366,198
T5,cusum,16.9026,0.5718,211
T5,cusum,16.9026,0.5935,219
T5,cusum,16.9026,0.6287,232
T5,cusum,16.9026,0.664,245
T5,cusum,16.9026,0.7019,259
T5,cusum,16.9026,0.7209,266
T5,cusum,16.9026,0.7561,279
T5,cusum,16.9026,0.7751,286
T5,cusum,16.861,0.7886,291
T5,cusum,16.8195,0.813,300
T5,cusum,16.8195,0.8293,306
T5,cusum,16.8195,0.8455,312
T5,cusum,16.778,0.8564,316
T5,cusum,16.6949,0.8753,323
T5,cusum,16.6949,0.878,324
T5,cusum,16.6534,0.8916,329
T5,cusum,16.6534,0.9024,333
T5,cusum,16.6534,0.9133,337
T5,cusum,16.6534,0.9187,339
T5,cusum,16.4873,0.9295,343
T5,cusum,16.2796,0.9295,343
T5,cusum,16.155,0.9268,342
T5,cusum,15.8228,0.9241,341
T5,cusum,15.4906,0.9133,337
T5,cusum,14.8261,0.9051,334
T5,cusum,14.2031,0.8835,326
T5,cusum,13.7463,0.8537,315
T5,cusum,13.1234,0.8266,305
T5,cusum,12.5835,0.8022,296
T5,cusum,11.7944,0.7778,287
T5,cusum,10.8808,0.7371,272
T5,cusum,10.3409,0.7236,267
T5,cusum,9.3857,0.6829,252
T5,cusum,8.5966,0.6585,243
T5,cusum,8.0568,0.626,231
T5,cusum,7.3508,0.6098,225
T5,cusum,6.8109,0.5745,212
T5,cusum,6.1879,0.5556,205
T5,cusum,5.4404,0.5285,195
T5,cusum,5.0666,0.4959,183
T5,cusum,4.6929,0.458,169
T5,cusum,4.0699,0.4255,157
T5,cusum,3.5716,0.3713,137
T5,cusum,2.9486,0.3279,121
T5,cusum,2.3257,0.2954,109
T5,cusum,1.9104,0.2466,91
T5,cusum,1.5781,0.2087,77
T5,cusum,1.1213,0.1599,59
T5,cusum,0.7475,0.1409,52
T5,cusum,0.6645,0.1111,41
T5,cusum,0.5814,0.103,38
T5,cusum,0.4153,0.0786,29
T5,cusum,0.3322,0.0488,18
T5,cusum,0.2492,0.0298,11
T5,cusum,0.1246,0.0081,3
T5,cusum,0.0,0.0027,1
T5,cusum,0.0,0.0,0
T5,cusum,0.0,0.0,0
T5,cusum,0.0,0.0,0
T5,cusum,0.0,0.0,0
T5,cusum,0.0,0.0,0
T5,cusum,0.0,0.0,0
T5,cusum+spec,16.9441,0.019,7
T5,cusum+spec,16.9441,0.019,7
T5,cusum+spec,16.9441,0.0217,8
T5,cusum+spec,16.9441,0.0244,9
T5,cusum+spec,16.9441,0.0352,13
T5,cusum+spec,16.9441,0.0407,15
T5,cusum+spec,16.9441,0.0488,18
T5,cusum+spec,16.9441,0.0488,18
T5,cusum+spec,16.9441,0.0569,21
T5,cusum+spec,16.9441,0.0678,25
T5,cusum+spec,16.9441,0.0759,28
T5,cusum+spec,16.9441,0.0921,34
T5,cusum+spec,16.9441,0.1057,39
T5,cusum+spec,16.9441,0.1274,47
T5,cusum+spec,16.9441,0.1463,54
T5,cusum+spec,16.9441,0.168,62
T5,cusum+spec,16.9441,0.1789,66
T5,cusum+spec,16.9441,0.2005,74
T5,cusum+spec,16.9441,0.2304,85
T5,cusum+spec,16.9441,0.252,93
T5,cusum+spec,16.9441,0.2981,110
T5,cusum+spec,16.9441,0.3469,128
T5,cusum+spec,16.9441,0.3902,144
T5,cusum+spec,16.9441,0.4282,158
T5,cusum+spec,16.9441,0.4526,167
T5,cusum+spec,16.9441,0.4851,179
T5,cusum+spec,16.9441,0.5176,191
T5,cusum+spec,16.9026,0.5366,198
T5,cusum+spec,16.9026,0.5718,211
T5,cusum+spec,16.9026,0.5935,219
T5,cusum+spec,16.9026,0.6287,232
T5,cusum+spec,16.9026,0.664,245
T5,cusum+spec,16.9026,0.7019,259
T5,cusum+spec,16.9026,0.7209,266
T5,cusum+spec,16.9026,0.7561,279
T5,cusum+spec,16.9026,0.7751,286
T5,cusum+spec,16.861,0.7886,291
T5,cusum+spec,16.8195,0.813,300
T5,cusum+spec,16.8195,0.8293,306
T5,cusum+spec,16.8195,0.8455,312
T5,cusum+spec,16.778,0.8564,316
T5,cusum+spec,16.6949,0.8753,323
T5,cusum+spec,16.6949,0.878,324
T5,cusum+spec,16.6534,0.8916,329
T5,cusum+spec,16.6534,0.9024,333
T5,cusum+spec,16.6534,0.9133,337
T5,cusum+spec,16.6534,0.9187,339
T5,cusum+spec,16.4873,0.9295,343
T5,cusum+spec,16.2796,0.9295,343
T5,cusum+spec,16.155,0.9268,342
T5,cusum+spec,15.8228,0.9241,341
T5,cusum+spec,15.4906,0.9133,337
T5,cusum+spec,14.8261,0.9051,334
T5,cusum+spec,14.2031,0.8835,326
T5,cusum+spec,13.7463,0.8537,315
T5,cusum+spec,13.1234,0.8266,305
T5,cusum+spec,12.5835,0.8022,296
T5,cusum+spec,11.7944,0.7778,287
T5,cusum+spec,10.8808,0.7371,272
T5,cusum+spec,10.3409,0.7236,267
T5,cusum+spec,9.3857,0.6829,252
T5,cusum+spec,8.5966,0.6585,243
T5,cusum+spec,8.0568,0.626,231
T5,cusum+spec,7.3508,0.6098,225
T5,cusum+spec,6.8109,0.5745,212
T5,cusum+spec,6.1879,0.5556,205
T5,cusum+spec,5.4404,0.5285,195
T5,cusum+spec,5.0666,0.4959,183
T5,cusum+spec,4.6929,0.458,169
T5,cusum+spec,4.0699,0.4255,157
T5,cusum+spec,3.5716,0.3713,137
T5,cusum+spec,2.9486,0.3279,121
T5,cusum+spec,2.3257,0.2954,109
T5,cusum+spec,1.9104,0.2466,91
T5,cusum+spec,1.5781,0.2087,77
T5,cusum+spec,1.1213,0.1599,59
T5,cusum+spec,0.7475,0.1409,52
T5,cusum+spec,0.6645,0.1111,41
T5,cusum+spec,0.5814,0.103,38
T5,cusum+spec,0.4153,0.0786,29
T5,cusum+spec,0.3322,0.0488,18
T5,cusum+spec,0.2492,0.0298,11
T5,cusum+spec,0.1246,0.0081,3
T5,cusum+spec,0.0,0.0027,1
T5,cusum+spec,0.0,0.0,0
T5,cusum+spec,0.0,0.0,0
T5,cusum+spec,0.0,0.0,0
T5,cusum+spec,0.0,0.0,0
T5,cusum+spec,0.0,0.0,0
T5,cusum+spec,0.0,0.0,0
