ae_lo,ae_hi,mean_ae,n_bins,kld,participant
0.0,4.0,1.998238205909729,30732,0.0,T11
4.0,8.0,5.978455066680908,29246,0.002334099990433547,T11
8.0,12.0,9.95030689239502,26721,0.004074735756256498,T11
12.0,16.0,13.955643653869629,23662,0.01012778285944016,T11
16.0,20.0,17.958799362182617,20655,0.015095803567831023,T11
20.0,24.0,21.967056274414062,17896,0.026207772397991658,T11
24.0,28.0,25.9549617767334,16056,0.0336040122968293,T11
28.0,32.0,29.966960906982422,14208,0.04363626469461401,T11
32.0,36.0,33.95332717895508,12920,0.052323239684019196,T11
36.0,40.0,37.971195220947266,11394,0.0631881003916992,T11
40.0,44.0,41.97282791137695,10295,0.07135211683226839,T11
44.0,48.0,45.983402252197266,9464,0.08684784684108982,T11
48.0,52.0,49.96925354003906,8630,0.09084569561298661,T11
52.0,56.0,53.992156982421875,7760,0.10369155250322892,T11
56.0,60.0,57.977447509765625,7192,0.13330852693330275,T11
60.0,64.0,61.97062301635742,6892,0.14642390860502008,T11
64.0,68.0,65.97306060791016,6505,0.16672125083717626,T11
68.0,72.0,69.97929382324219,6119,0.15353547938000833,T11
72.0,76.0,73.99176788330078,5832,0.166378903316736,T11
76.0,80.0,77.99605560302734,5567,0.17461830819326085,T11
80.0,84.0,81.96578979492188,5337,0.16972345248550802,T11
84.0,88.0,86.00240325927734,5230,0.17380538537937262,T11
88.0,92.0,90.00004577636719,5322,0.1950586613754326,T11
92.0,96.0,94.00853729248047,5177,0.19203355666907695,T11
96.0,100.0,97.98638916015625,5330,0.20493512168084882,T11
100.0,104.0,101.99761962890625,5126,0.20736266154113592,T11
104.0,108.0,106.02481079101562,5199,0.19823408920815977,T11
108.0,112.0,110.02337646484375,5326,0.2312975626192233,T11
112.0,116.0,113.97689819335938,5459,0.23040594728113373,T11
116.0,120.0,118.00021362304688,5273,0.24645026488473176,T11
120.0,124.0,122.00479125976562,5717,0.23990417791184804,T11
124.0,128.0,126.01638793945312,5858,0.24975396433469932,T11
128.0,132.0,130.03005981445312,5996,0.23522782827995314,T11
132.0,136.0,134.02777099609375,6064,0.24776986430959225,T11
136.0,140.0,138.010498046875,6261,0.24514045126360884,T11
140.0,144.0,141.99546813964844,6348,0.26010464954697676,T11
144.0,148.0,145.98275756835938,6567,0.28026720435393315,T11
148.0,152.0,149.9912109375,6770,0.26856919155125203,T11
152.0,156.0,154.00701904296875,6773,0.301160252341103,T11
156.0,160.0,158.0092315673828,7117,0.2899625197518487,T11
160.0,164.0,162.02565002441406,7398,0.29087371753846414,T11
164.0,168.0,165.99984741210938,7470,0.30592023412209324,T11
168.0,172.0,170.00753784179688,7506,0.29269009142342783,T11
172.0,176.0,174.01065063476562,7528,0.3399087194056185,T11
176.0,180.0,178.00335693359375,7734,0.30856804601120924,T11
0.0,4.0,1.9820924997329712,12839,0.0,T5
4.0,8.0,5.985057353973389,12479,0.0037270293789455344,T5
8.0,12.0,10.003836631774902,12237,0.008609924559693116,T5
12.0,16.0,13.972990989685059,11525,0.00606240935458735,T5
16.0,20.0,17.954708099365234,10965,0.008715838343745563,T5
20.0,24.0,21.95592498779297,10039,0.012371462373716557,T5
24.0,28.0,25.962709426879883,9219,0.018420078669256545,T5
28.0,32.0,29.978017807006836,8455,0.022901064204092325,T5
32.0,36.0,33.96963882446289,7800,0.022471964458665283,T5
36.0,40.0,37.963890075683594,7214,0.031107127912431976,T5
40.0,44.0,41.965396881103516,6753,0.03940866585136393,T5
44.0,48.0,45.984100341796875,5998,0.054469568723651385,T5
48.0,52.0,49.97898864746094,5835,0.04229553054820889,T5
52.0,56.0,53.9926872253418,5401,0.05742205812410939,T5
56.0,60.0,58.005027770996094,5172,0.06430478122638883,T5
60.0,64.0,61.9769401550293,4831,0.072211869110548,T5
64.0,68.0,65.95453643798828,4656,0.08893812949663449,T5
68.0,72.0,69.97801971435547,4338,0.0892764770215364,T5
72.0,76.0,73.99032592773438,4239,0.09150085160179122,T5
76.0,80.0,77.97183227539062,4126,0.11591389994167467,T5
80.0,84.0,81.98094177246094,4054,0.11074724391025415,T5
84.0,88.0,86.01664733886719,3956,0.1138871386296616,T5
88.0,92.0,89.9610366821289,3793,0.12072782033341034,T5
92.0,96.0,94.03053283691406,3693,0.1412910718159548,T5
96.0,100.0,98.01737213134766,3723,0.14831706339785544,T5
100.0,104.0,101.93321228027344,3649,0.15214162796536002,T5
104.0,108.0,105.9695816040039,3579,0.17451899769505697,T5
108.0,112.0,109.99475860595703,3518,0.14764213736777698,T5
112.0,116.0,113.99095153808594,3474,0.18635205714271352,T5
116.0,120.0,117.990234375,3513,0.21063114139336414,T5
120.0,124.0,122.02037811279297,3521,0.20381655344181238,T5
124.0,128.0,126.03271484375,3585,0.1943203454306035,T5
128.0,132.0,129.99249267578125,3598,0.22813257765282313,T5
132.0,136.0,134.0357208251953,3727,0.21160300501953322,T5
136.0,140.0,137.99143981933594,3828,0.22107530413281928,T5
140.0,144.0,141.9990234375,3932,0.24110841554903062,T5
144.0,148.0,146.02456665039062,4018,0.23560456019276654,T5
148.0,152.0,150.00135803222656,4157,0.22973725741736906,T5
152.0,156.0,154.04649353027344,4079,0.23239152702637522,T5
156.0,160.0,158.0086669921875,4282,0.20920377551794367,T5
160.0,164.0,162.0179901123047,4385,0.22262315436261293,T5
164.0,168.0,166.02169799804688,4413,0.2308512514632466,T5
168.0,172.0,170.01414489746094,4375,0.2347343244638187,T5
172.0,176.0,173.99240112304688,4502,0.2326062900569783,T5
176.0,180.0,178.0187530517578,4499,0.23422187228693403,T5
