day,mode,severity,damage,baseline
2121,RATE_LOSS,benign,3.162136313191354,48.60637535925067
2121,RATE_LOSS,sub,0.5988242184009707,50.344982003738544
2121,RATE_LOSS,crossing,-3.197998099279225,50.86840636208368
2121,RATE_LOSS,benign,3.1448584977374097,48.76540953324679
2121,RATE_LOSS,sub,0.6056593430946293,50.344982003738544
2121,RATE_LOSS,crossing,0.3810857748942382,50.415790060105515
2121,RATE_LOSS,benign,2.015922312463097,49.797080384808226
2121,RATE_LOSS,sub,-0.6838864926341017,50.73037291090887
2121,RATE_LOSS,crossing,1.4609819361718621,50.415790060105515
2121,CHANNEL_DROPOUT,benign,3.5458070928547585,48.74780923570714
2121,CHANNEL_DROPOUT,sub,4.899794755193021,50.54199921837
2121,CHANNEL_DROPOUT,crossing,8.531296337806225,50.344982003738544
2121,CHANNEL_DROPOUT,benign,3.815614687117531,50.54199921837
2121,CHANNEL_DROPOUT,sub,1.4384440632263704,50.415790060105515
2121,CHANNEL_DROPOUT,crossing,20.151581606368772,49.49404283490005
2121,CHANNEL_DROPOUT,benign,3.509889129091107,48.8982032964302
2121,CHANNEL_DROPOUT,sub,5.134019926670867,50.54199921837
2121,CHANNEL_DROPOUT,crossing,15.158180361858712,49.82467146734582
2121,GAIN_DRIFT,benign,4.604053435199589,48.50836115165943
2121,GAIN_DRIFT,sub,5.046639748094577,49.74985657612072
2121,GAIN_DRIFT,crossing,7.120864059940274,49.797080384808226
2121,GAIN_DRIFT,benign,3.4155810414151446,48.871999114884545
2121,GAIN_DRIFT,sub,1.9367553776539808,50.573432175578596
2121,GAIN_DRIFT,crossing,13.619871653534283,50.415790060105515
2121,GAIN_DRIFT,benign,-0.03483124768163748,50.74845858894435
2121,GAIN_DRIFT,sub,11.552903422933753,49.084091322523705
2121,GAIN_DRIFT,crossing,5.282713754797129,49.797080384808226
2121,GEOMETRY_ROTATION,benign,0.8822245044155608,50.49661710070622
2121,GEOMETRY_ROTATION,sub,0.7715063236277828,49.797080384808226
2121,GEOMETRY_ROTATION,crossing,17.347171735263878,50.486598116472486
2121,GEOMETRY_ROTATION,benign,0.7217724613690777,50.54461733728828
2121,GEOMETRY_ROTATION,sub,2.141273861264338,50.486598116472486
2121,GEOMETRY_ROTATION,crossing,-0.5829461712491693,50.79384369799121
2121,GEOMETRY_ROTATION,benign,1.0248643588265338,50.415790060105515
2121,GEOMETRY_ROTATION,sub,2.795831066195234,50.344982003738544
2121,GEOMETRY_ROTATION,crossing,-2.436841943177761,50.87742897346316
2121,RATE_LOSS,benign,-4.686055272436377,54.62014847525198
2121,RATE_LOSS,sub,-3.8982281845856264,55.015234857502264
2121,RATE_LOSS,crossing,0.3131078867764998,55.7739460350296
2121,RATE_LOSS,benign,-5.06549814229605,54.62045524513138
2121,RATE_LOSS,sub,-3.6973901391924997,55.40474990512279
2121,RATE_LOSS,crossing,-0.5874362980410979,55.36020201733477
2121,RATE_LOSS,benign,-4.083746568102761,55.36020201733477
2121,RATE_LOSS,sub,-4.219326238758853,54.90713822247708
2121,RATE_LOSS,crossing,-2.7185376671735852,54.62045524513138
2121,CHANNEL_DROPOUT,benign,-3.599007964662796,55.7896248978027
2121,CHANNEL_DROPOUT,sub,2.8988901248055186,55.12333149252745
2121,CHANNEL_DROPOUT,crossing,17.93848954935001,55.70697769086834
2121,CHANNEL_DROPOUT,benign,-3.8645500959045975,55.28881593873704
2121,CHANNEL_DROPOUT,sub,1.0858988722228915,55.44929779291081
2121,CHANNEL_DROPOUT,crossing,7.9608501881936675,55.44929779291081
2121,CHANNEL_DROPOUT,benign,-4.991098125211103,54.62602645640447
2121,CHANNEL_DROPOUT,sub,-0.4203627467218425,55.40474990512279
2121,CHANNEL_DROPOUT,crossing,3.1785643153970042,55.477375579522985
2121,GAIN_DRIFT,benign,-4.11205063784336,54.62045524513138
2121,GAIN_DRIFT,sub,-1.6188736978197582,55.36020201733477
2121,GAIN_DRIFT,crossing,34.421811534319666,55.7896248978027
2121,GAIN_DRIFT,benign,-3.846774363255413,55.36020201733477
2121,GAIN_DRIFT,sub,-2.634694168513043,55.589936817592275
2121,GAIN_DRIFT,crossing,13.192524161947219,54.99608655810063
2121,GAIN_DRIFT,benign,-4.11500607863875,55.36020201733477
2121,GAIN_DRIFT,sub,-0.9237896615480992,55.74621163874003
2121,GAIN_DRIFT,crossing,-1.1926304809366357,55.62239934740239
2121,GEOMETRY_ROTATION,benign,-4.608040703558245,55.241766754931106
2121,GEOMETRY_ROTATION,sub,-1.4587442300105948,55.36020201733477
2121,GEOMETRY_ROTATION,crossing,4.474888632932611,55.40474990512279
2121,GEOMETRY_ROTATION,benign,-4.001288358712003,55.44929779291081
2121,GEOMETRY_ROTATION,sub,-1.6899084402034248,54.90713822247708
2121,GEOMETRY_ROTATION,crossing,6.402105075505055,55.241766754931106
2121,GEOMETRY_ROTATION,benign,-4.588468546911258,54.627982632063386
2121,GEOMETRY_ROTATION,sub,-3.659552610346765,54.761011128167695
2121,GEOMETRY_ROTATION,crossing,2.142765541797388,54.761011128167695
2126,RATE_LOSS,benign,0.8118430942784585,45.24769626531967
2126,RATE_LOSS,sub,2.698569851306509,44.89570680018896
2126,RATE_LOSS,crossing,9.852015283047827,45.0334551158331
2126,RATE_LOSS,benign,1.4569808265197821,44.89102280121342
2126,RATE_LOSS,sub,2.73088153409644,44.88079625635969
2126,RATE_LOSS,crossing,8.301270096484458,45.02535506684988
2126,RATE_LOSS,benign,1.3197565409711132,44.86920424361651
2126,RATE_LOSS,sub,1.0384065941892615,45.017255017866674
2126,RATE_LOSS,crossing,2.5347079593496744,45.140575690576384
2126,CHANNEL_DROPOUT,benign,6.4360375349982135,44.89102280121342
2126,CHANNEL_DROPOUT,sub,18.983073326836724,45.0334551158331
2126,CHANNEL_DROPOUT,crossing,28.730771613543368,44.9824833097783
2126,CHANNEL_DROPOUT,benign,0.05472153383674083,45.017255017866674
2126,CHANNEL_DROPOUT,sub,8.258900428005425,44.89565970834464
2126,CHANNEL_DROPOUT,crossing,16.839626935528045,44.9824833097783
2126,CHANNEL_DROPOUT,benign,0.7546237312228854,45.0334551158331
2126,CHANNEL_DROPOUT,sub,6.4357682413239985,44.9824833097783
2126,CHANNEL_DROPOUT,crossing,16.278839596729952,44.760379757769144
2126,GAIN_DRIFT,benign,0.5729207150475446,44.89334125477903
2126,GAIN_DRIFT,sub,4.266992236109665,44.700944827641415
2126,GAIN_DRIFT,crossing,19.86969981830648,45.24769626531967
2126,GAIN_DRIFT,benign,0.8048276395791873,44.9824833097783
2126,GAIN_DRIFT,sub,4.289616620508156,45.24769626531967
2126,GAIN_DRIFT,crossing,14.15127093914014,44.99986916382249
2126,GAIN_DRIFT,benign,1.1929018277326549,44.89220527372517
2126,GAIN_DRIFT,sub,2.3723048938916733,44.79091815414946
2126,GAIN_DRIFT,crossing,8.296433229213527,44.89102280121342
2126,GEOMETRY_ROTATION,benign,1.6262379861758873,44.8597296934703
2126,GEOMETRY_ROTATION,sub,3.7388636606419823,45.017255017866674
2126,GEOMETRY_ROTATION,crossing,21.813744918779882,44.89102280121342
2126,GEOMETRY_ROTATION,benign,0.7480688922174323,45.02535506684988
2126,GEOMETRY_ROTATION,sub,2.6181756572947847,44.785135967456554
2126,GEOMETRY_ROTATION,crossing,22.988446074535553,44.99986916382249
2126,GEOMETRY_ROTATION,benign,1.379252970595303,44.89102280121342
2126,GEOMETRY_ROTATION,sub,2.050796008185401,44.843300933594506
2126,GEOMETRY_ROTATION,crossing,5.501155738538451,45.24769626531967
2126,RATE_LOSS,benign,-0.09588177066804349,43.417040108431905
2126,RATE_LOSS,sub,-1.2997906737889338,43.35919216886032
2126,RATE_LOSS,crossing,1.944958083544968,44.05012187384261
2126,RATE_LOSS,benign,-0.06069913950106809,43.35919216886032
2126,RATE_LOSS,sub,-0.4543169903683051,43.46755712770818
2126,RATE_LOSS,crossing,1.5886247962656839,43.62716032316754
2126,RATE_LOSS,benign,-0.4605983423227187,43.466886037922286
2126,RATE_LOSS,sub,-0.006419112151036188,43.35919216886032
2126,RATE_LOSS,crossing,-0.7037019761719847,43.464526492382426
2126,CHANNEL_DROPOUT,benign,1.1537504833017493,43.735497717844495
2126,CHANNEL_DROPOUT,sub,4.558840872558292,43.735497717844495
2126,CHANNEL_DROPOUT,crossing,13.34433923165539,44.053955327257086
2126,CHANNEL_DROPOUT,benign,1.0405686395676739,43.30134422928874
2126,CHANNEL_DROPOUT,sub,7.893601923421613,43.789293355454774
2126,CHANNEL_DROPOUT,crossing,7.912384424565872,43.735497717844495
2126,CHANNEL_DROPOUT,benign,0.6087514303890345,43.35919216886032
2126,CHANNEL_DROPOUT,sub,0.2149738359657718,43.47517371014295
2126,CHANNEL_DROPOUT,crossing,4.518222857251459,43.41701715089238
2126,GAIN_DRIFT,benign,3.8326089155970635,43.51617178707093
2126,GAIN_DRIFT,sub,3.1522450165950247,43.47726443366896
2126,GAIN_DRIFT,crossing,8.521298035490389,44.10632666838916
2126,GAIN_DRIFT,benign,0.1688367098651966,43.406704479576945
2126,GAIN_DRIFT,sub,1.0393779936098468,43.624344217161884
2126,GAIN_DRIFT,crossing,12.420059095338786,43.417040108431905
2126,GAIN_DRIFT,benign,0.7238419966660388,43.30134422928874
2126,GAIN_DRIFT,sub,-0.33332287159687723,43.46096821280118
2126,GAIN_DRIFT,crossing,11.015075950092921,43.541444515576174
2126,GEOMETRY_ROTATION,benign,-0.3666017575588043,43.417040108431905
2126,GEOMETRY_ROTATION,sub,2.6676134186372664,43.81816471543467
2126,GEOMETRY_ROTATION,crossing,14.13098482744175,44.053955327257086
2126,GEOMETRY_ROTATION,benign,0.6339189736631354,43.30134422928874
2126,GEOMETRY_ROTATION,sub,1.0083805782902502,43.39657442798328
2126,GEOMETRY_ROTATION,crossing,7.237447633191195,43.54361172080024
2126,GEOMETRY_ROTATION,benign,-0.015748180566575343,43.35919216886032
2126,GEOMETRY_ROTATION,sub,0.5873572666134095,43.417040108431905
2126,GEOMETRY_ROTATION,crossing,10.939827056860366,43.386148165853186
2126,RATE_LOSS,benign,-1.0029069839556541,45.63245006510694
2126,RATE_LOSS,sub,1.173693189201117,44.95144276620182
2126,RATE_LOSS,crossing,5.743977160478828,45.63245006510694
2126,RATE_LOSS,benign,-1.6134653233017744,46.07742336551504
2126,RATE_LOSS,sub,-0.41198096949850793,45.85019544442446
2126,RATE_LOSS,crossing,2.6906732169129484,46.01602287070291
2126,RATE_LOSS,benign,-0.5383668820420553,45.24859196384435
2126,RATE_LOSS,sub,0.844009685523794,44.96474753831738
2126,RATE_LOSS,crossing,6.14025967002469,44.97805231043295
2126,CHANNEL_DROPOUT,benign,-0.05565977134533284,44.97805231043295
2126,CHANNEL_DROPOUT,sub,2.600871966063316,45.519131617255745
2126,CHANNEL_DROPOUT,crossing,17.463851886068078,45.74576851295813
2126,CHANNEL_DROPOUT,benign,-0.2491954408011594,44.97805231043295
2126,CHANNEL_DROPOUT,sub,3.784883367775123,44.96474753831738
2126,CHANNEL_DROPOUT,crossing,16.557489100039597,45.74576851295813
2126,CHANNEL_DROPOUT,benign,-1.351832271135713,46.07742336551504
2126,CHANNEL_DROPOUT,sub,11.091659121236368,45.519131617255745
2126,CHANNEL_DROPOUT,crossing,11.89291213024579,44.97805231043295
2126,GAIN_DRIFT,benign,-1.6919959344416,46.01602287070291
2126,GAIN_DRIFT,sub,1.21348084060822,44.97805231043295
2126,GAIN_DRIFT,crossing,29.969355034540953,45.85019544442446
2126,GAIN_DRIFT,benign,-1.8675479541215125,46.01602287070291
2126,GAIN_DRIFT,sub,4.713631984153622,44.96474753831738
2126,GAIN_DRIFT,crossing,14.139259999093127,45.323941140487776
2126,GAIN_DRIFT,benign,-1.7814065982615546,45.95462237589078
2126,GAIN_DRIFT,sub,4.5423871068167685,45.85019544442446
2126,GAIN_DRIFT,crossing,7.5624267256771915,46.77231297062716
2126,GEOMETRY_ROTATION,benign,-0.5221151835764104,44.97805231043295
2126,GEOMETRY_ROTATION,sub,1.8689856226365222,45.1872515977621
2126,GEOMETRY_ROTATION,crossing,20.0838390006802,45.85019544442446
2126,GEOMETRY_ROTATION,benign,0.041661923925012445,44.95144276620182
2126,GEOMETRY_ROTATION,sub,1.3203850608562888,45.74576851295813
2126,GEOMETRY_ROTATION,crossing,18.07089814637117,46.07742336551504
2126,GEOMETRY_ROTATION,benign,-0.2952621229200716,44.957944470744216
2126,GEOMETRY_ROTATION,sub,0.14590695929160802,44.96474753831738
2126,GEOMETRY_ROTATION,crossing,7.447472829067735,46.01602287070291
2128,RATE_LOSS,benign,1.379046592265695,67.40410440593911
2128,RATE_LOSS,sub,1.5514436087706684,67.03074090184009
2128,RATE_LOSS,crossing,-0.3731191079309468,67.38178373610033
2128,RATE_LOSS,benign,0.7345122036419411,67.33284305403544
2128,RATE_LOSS,sub,-0.05906488614574812,67.38725606824102
2128,RATE_LOSS,crossing,-0.1883161036815153,67.07129830501269
2128,RATE_LOSS,benign,1.425659740072831,67.3892568795755
2128,RATE_LOSS,sub,0.6176818906020145,67.38178373610033
2128,RATE_LOSS,crossing,-0.13532822150156676,67.39043080530493
2128,CHANNEL_DROPOUT,benign,1.8752594185426261,67.24981352506839
2128,CHANNEL_DROPOUT,sub,19.188907911633024,67.79113841235747
2128,CHANNEL_DROPOUT,crossing,-6.68034398999572,67.68824249013073
2128,CHANNEL_DROPOUT,benign,6.3194694758740155,67.03074090184009
2128,CHANNEL_DROPOUT,sub,2.768743599915595,68.49636975461594
2128,CHANNEL_DROPOUT,crossing,20.568347437362917,67.52635705336505
2128,CHANNEL_DROPOUT,benign,2.826468025606488,67.24451068846501
2128,CHANNEL_DROPOUT,sub,-4.24821727823479,67.19611034722591
2128,CHANNEL_DROPOUT,crossing,0.5820878214811813,67.1358761344633
2128,GAIN_DRIFT,benign,0.7999059788947136,67.38563150850922
2128,GAIN_DRIFT,sub,-6.904886566490994,67.36594184614232
2128,GAIN_DRIFT,crossing,13.720308440880203,68.2004930886146
2128,GAIN_DRIFT,benign,2.6085237102490595,67.36594184614232
2128,GAIN_DRIFT,sub,-0.5947447121191232,67.58295666179032
2128,GAIN_DRIFT,crossing,-1.767128442679919,67.36594184614232
2128,GAIN_DRIFT,benign,-1.0083809560179589,67.24451068846501
2128,GAIN_DRIFT,sub,7.981429026590547,67.5373287723279
2128,GAIN_DRIFT,crossing,-5.4839741377453635,67.03074090184009
2128,GEOMETRY_ROTATION,benign,1.5184285236198747,67.19372088237813
2128,GEOMETRY_ROTATION,sub,-0.8754007222881057,66.98718538960556
2128,GEOMETRY_ROTATION,crossing,2.8195083796348683,66.43459556041773
2128,GEOMETRY_ROTATION,benign,1.0945556705048176,67.3074887651678
2128,GEOMETRY_ROTATION,sub,5.2622541425546245,67.24451068846501
2128,GEOMETRY_ROTATION,crossing,9.482263542328596,67.1230795307877
2128,GEOMETRY_ROTATION,benign,2.8045922181376426,67.36594184614232
2128,GEOMETRY_ROTATION,sub,3.140252850254072,67.20015516160593
2128,GEOMETRY_ROTATION,crossing,12.356732098159242,67.36594184614232
2128,RATE_LOSS,benign,3.0574755679955814,57.89228430529217
2128,RATE_LOSS,sub,3.1469798725185143,57.90905764565783
2128,RATE_LOSS,crossing,6.210411184028274,57.932048685639955
2128,RATE_LOSS,benign,3.596197151013392,57.62284411411595
2128,RATE_LOSS,sub,3.538555976339083,57.695231358498624
2128,RATE_LOSS,crossing,6.193637843662614,57.948822026005615
2128,RATE_LOSS,benign,2.965688404122311,57.948822026005615
2128,RATE_LOSS,sub,3.7514342209939002,57.62284411411595
2128,RATE_LOSS,crossing,5.2484880575909685,57.89228430529217
2128,CHANNEL_DROPOUT,benign,3.4956059958010925,57.7937578318954
2128,CHANNEL_DROPOUT,sub,10.049116809819331,57.7937578318954
2128,CHANNEL_DROPOUT,crossing,18.627953980755564,58.35107890503046
2128,CHANNEL_DROPOUT,benign,2.999324484897542,57.7937578318954
2128,CHANNEL_DROPOUT,sub,7.670836546007344,57.695231358498624
2128,CHANNEL_DROPOUT,crossing,24.728546149628066,57.7937578318954
2128,CHANNEL_DROPOUT,benign,5.240628085915354,57.89228430529217
2128,CHANNEL_DROPOUT,sub,10.118571011193346,57.89228430529217
2128,CHANNEL_DROPOUT,crossing,14.240100142972096,57.948822026005615
2128,GAIN_DRIFT,benign,2.0104578579792047,57.89796604189164
2128,GAIN_DRIFT,sub,23.56016321457026,57.89228430529217
2128,GAIN_DRIFT,crossing,10.789684647354825,58.21625072569271
2128,GAIN_DRIFT,benign,2.9676809771728045,57.62284411411595
2128,GAIN_DRIFT,sub,4.05844245411793,57.83748953873453
2128,GAIN_DRIFT,crossing,12.633509936648196,57.9355876316546
2128,GAIN_DRIFT,benign,3.391972937412234,57.683214314252126
2128,GAIN_DRIFT,sub,2.7683869432934216,57.869022301547645
2128,GAIN_DRIFT,crossing,12.079761365172985,57.948822026005615
2128,GEOMETRY_ROTATION,benign,3.8790057380367884,57.89228430529217
2128,GEOMETRY_ROTATION,sub,3.295483941000022,57.89228430529217
2128,GEOMETRY_ROTATION,crossing,11.625324653395111,57.932048685639955
2128,GEOMETRY_ROTATION,benign,2.54231273949042,57.948822026005615
2128,GEOMETRY_ROTATION,sub,4.425785469003458,57.948822026005615
2128,GEOMETRY_ROTATION,crossing,24.012977717777524,57.695231358498624
2128,GEOMETRY_ROTATION,benign,2.4547253566485807,57.902810007508464
2128,GEOMETRY_ROTATION,sub,4.112311156791954,57.62284411411595
2128,GEOMETRY_ROTATION,crossing,10.537858376844163,57.89228430529217
2128,RATE_LOSS,benign,2.962174087028586,67.20527825924269
2128,RATE_LOSS,sub,3.8481002081982467,67.44505976377243
2128,RATE_LOSS,crossing,-2.0012609446798706,71.65665458347675
2128,RATE_LOSS,benign,-5.551684149722959,69.9420266222902
2128,RATE_LOSS,sub,-5.265652384848053,69.97868138124765
2128,RATE_LOSS,crossing,-2.409665418598479,70.75936595675012
2128,RATE_LOSS,benign,4.320663565999652,65.28530655224593
2128,RATE_LOSS,sub,-3.0345228911587583,70.74514656948209
2128,RATE_LOSS,crossing,1.784314706795655,69.00291917495572
2128,CHANNEL_DROPOUT,benign,-0.3109615504887131,69.00291917495572
2128,CHANNEL_DROPOUT,sub,-0.05574642840159072,67.45352270748319
2128,CHANNEL_DROPOUT,crossing,10.07944451447517,71.65665458347675
2128,CHANNEL_DROPOUT,benign,0.32649471306979194,69.87034310716354
2128,CHANNEL_DROPOUT,sub,-0.6067166292120874,70.46279766252142
2128,CHANNEL_DROPOUT,crossing,8.211806897644834,70.15547482627704
2128,CHANNEL_DROPOUT,benign,0.7819409399500898,69.00291917495572
2128,CHANNEL_DROPOUT,sub,1.5863418230825914,70.55104882288285
2128,CHANNEL_DROPOUT,crossing,3.399411892027288,70.94610139043981
2128,GAIN_DRIFT,benign,-2.6266016461628965,69.72072847878766
2128,GAIN_DRIFT,sub,0.7466776367476058,65.28642890288837
2128,GAIN_DRIFT,crossing,11.488094966420448,71.65665458347675
2128,GAIN_DRIFT,benign,4.032502333668447,65.14774584344282
2128,GAIN_DRIFT,sub,1.600101387078098,69.34833986568171
2128,GAIN_DRIFT,crossing,13.184338333999165,71.62219057718701
2128,GAIN_DRIFT,benign,-1.7705106444807512,70.29555194920387
2128,GAIN_DRIFT,sub,-3.243788006656871,69.64887159930561
2128,GAIN_DRIFT,crossing,6.257843478793319,70.32978687921624
2128,GEOMETRY_ROTATION,benign,1.2743167582036676,66.96560146217388
2128,GEOMETRY_ROTATION,sub,0.23245720475055975,69.00291917495572
2128,GEOMETRY_ROTATION,crossing,0.37336623412110725,71.5817780900748
2128,GEOMETRY_ROTATION,benign,1.5687133730060623,66.99431533646046
2128,GEOMETRY_ROTATION,sub,-0.7404031602971486,67.06943905056015
2128,GEOMETRY_ROTATION,crossing,1.4358177920981632,69.00291917495572
2128,GEOMETRY_ROTATION,benign,2.3910923792008134,67.04373056488552
2128,GEOMETRY_ROTATION,sub,1.2004837296776145,69.00291917495572
2128,GEOMETRY_ROTATION,crossing,1.6554008468174715,69.22705162743618
2128,RATE_LOSS,benign,-0.226565393477685,61.65251059635329
2128,RATE_LOSS,sub,0.06518336933793023,61.72854084622233
2128,RATE_LOSS,crossing,2.877496360518208,62.085692981561564
2128,RATE_LOSS,benign,-0.6876989525830268,61.65251059635329
2128,RATE_LOSS,sub,1.8892593295971096,60.13763465306013
2128,RATE_LOSS,crossing,4.442031361905897,60.213352071477495
2128,RATE_LOSS,benign,-0.7398024300349633,61.851712079648294
2128,RATE_LOSS,sub,1.95708918074331,60.08185435159962
2128,RATE_LOSS,crossing,0.4753148409428434,61.851712079648294
2128,CHANNEL_DROPOUT,benign,5.118637734654293,60.06397228311848
2128,CHANNEL_DROPOUT,sub,2.088924484778488,62.0149453320298
2128,CHANNEL_DROPOUT,crossing,7.924700675723088,62.094175943997925
2128,CHANNEL_DROPOUT,benign,-0.39630007067200523,61.65251059635329
2128,CHANNEL_DROPOUT,sub,3.0882406061558356,62.05091356294329
2128,CHANNEL_DROPOUT,crossing,19.975707597124952,62.05091356294329
2128,CHANNEL_DROPOUT,benign,-1.1681360942938284,62.09344953787955
2128,CHANNEL_DROPOUT,sub,0.6549871311730797,61.851712079648294
2128,CHANNEL_DROPOUT,crossing,8.277233377312903,61.966615990719056
2128,GAIN_DRIFT,benign,-1.217822216274584,61.46904352337971
2128,GAIN_DRIFT,sub,3.5054217314148346,61.1109708232322
2128,GAIN_DRIFT,crossing,11.69908177380075,62.73485237175793
2128,GAIN_DRIFT,benign,0.2502347663046933,61.28557645040613
2128,GAIN_DRIFT,sub,0.4288144141776016,62.186970907199196
2128,GAIN_DRIFT,crossing,6.312723514800091,62.29698524465872
2128,GAIN_DRIFT,benign,-0.7780648751876527,61.851712079648294
2128,GAIN_DRIFT,sub,-1.3555351995673206,62.05091356294329
2128,GAIN_DRIFT,crossing,9.180229047043483,61.46904352337971
2128,GEOMETRY_ROTATION,benign,-0.24952166751180727,61.851712079648294
2128,GEOMETRY_ROTATION,sub,2.705175918585063,60.67507444288859
2128,GEOMETRY_ROTATION,crossing,8.38202726612468,62.48362579612687
2128,GEOMETRY_ROTATION,benign,0.687937529387213,61.624775130129784
2128,GEOMETRY_ROTATION,sub,-0.8075280686165272,61.851712079648294
2128,GEOMETRY_ROTATION,crossing,4.987370646868371,61.851712079648294
2128,GEOMETRY_ROTATION,benign,-0.8778699613720207,62.11771435498181
2128,GEOMETRY_ROTATION,sub,0.05264188268931491,62.26672337862247
2128,GEOMETRY_ROTATION,crossing,0.5570081089509173,61.851712079648294
2133,RATE_LOSS,benign,-12.117992887010601,96.75668079226257
2133,RATE_LOSS,sub,-16.57489042857121,97.55866159726918
2133,RATE_LOSS,crossing,-3.9824616480238575,97.64907951674273
2133,RATE_LOSS,benign,-8.217397546577175,97.64907951674273
2133,RATE_LOSS,sub,-5.080742749170739,97.64907951674273
2133,RATE_LOSS,crossing,-5.412657241150228,99.22854598220891
2133,RATE_LOSS,benign,-5.95368278040894,97.64907951674273
2133,RATE_LOSS,sub,-11.887306508980416,96.80394785850743
2133,RATE_LOSS,crossing,-5.480432028243214,98.43881274947583
2133,CHANNEL_DROPOUT,benign,-15.681819023801808,97.46824367779561
2133,CHANNEL_DROPOUT,sub,-10.785735895446308,98.43881274947583
2133,CHANNEL_DROPOUT,crossing,1.120889226615418,97.55866159726918
2133,CHANNEL_DROPOUT,benign,-8.239770708712697,97.64907951674273
2133,CHANNEL_DROPOUT,sub,-5.668040188806614,97.67117707576631
2133,CHANNEL_DROPOUT,crossing,-6.546610453347256,97.46824367779561
2133,CHANNEL_DROPOUT,benign,-9.299117634070441,97.55866159726918
2133,CHANNEL_DROPOUT,sub,-5.924727990350775,98.43881274947583
2133,CHANNEL_DROPOUT,crossing,-23.93156246053121,99.22854598220891
2133,GAIN_DRIFT,benign,-14.247736522531142,96.81308659696198
2133,GAIN_DRIFT,sub,-17.12475492838614,96.81308659696198
2133,GAIN_DRIFT,crossing,8.830558256329567,99.22854598220891
2133,GAIN_DRIFT,benign,-16.16977287311846,97.46824367779561
2133,GAIN_DRIFT,sub,-6.477773345571762,99.22854598220891
2133,GAIN_DRIFT,crossing,-24.72131077273069,99.22854598220891
2133,GAIN_DRIFT,benign,-13.828120773927651,96.82211811400833
2133,GAIN_DRIFT,sub,-10.143285478195509,97.46824367779561
2133,GAIN_DRIFT,crossing,1.821925323773172,97.55866159726918
2133,GEOMETRY_ROTATION,benign,-9.335991045907107,98.43881274947583
2133,GEOMETRY_ROTATION,sub,-9.294139587882839,97.64907951674273
2133,GEOMETRY_ROTATION,crossing,-0.22257080946789642,97.46824367779561
2133,GEOMETRY_ROTATION,benign,-6.160964889266637,97.64907951674273
2133,GEOMETRY_ROTATION,sub,-20.400631908647625,98.43881274947583
2133,GEOMETRY_ROTATION,crossing,-9.848261453565556,97.46824367779561
2133,GEOMETRY_ROTATION,benign,-15.780922525936575,97.64907951674273
2133,GEOMETRY_ROTATION,sub,-7.598639064233325,97.64907951674273
2133,GEOMETRY_ROTATION,crossing,-8.040156350287518,98.43881274947583
2133,RATE_LOSS,benign,-28.637046927933298,91.44211618037957
2133,RATE_LOSS,sub,-27.971669148509648,89.50917826215381
2133,RATE_LOSS,crossing,-25.59816611243152,88.21617734490763
2133,RATE_LOSS,benign,-26.34132735839765,88.21617734490763
2133,RATE_LOSS,sub,-25.30040325819847,87.49617355817323
2133,RATE_LOSS,crossing,-20.997702125179266,83.86265391887488
2133,RATE_LOSS,benign,-20.395822313965432,83.86265391887488
2133,RATE_LOSS,sub,-29.31634574972712,91.57415352868361
2133,RATE_LOSS,crossing,-29.199427371626506,91.1881663540418
2133,CHANNEL_DROPOUT,benign,-27.433636062632488,91.1881663540418
2133,CHANNEL_DROPOUT,sub,-22.097204261431408,85.85167416927702
2133,CHANNEL_DROPOUT,crossing,-14.253255783669744,87.49617355817323
2133,CHANNEL_DROPOUT,benign,-24.660744966076777,87.49617355817323
2133,CHANNEL_DROPOUT,sub,-24.38497277141243,88.21617734490763
2133,CHANNEL_DROPOUT,crossing,-19.569082990697623,88.7891744754194
2133,CHANNEL_DROPOUT,benign,-24.132040072866076,86.77616977143882
2133,CHANNEL_DROPOUT,sub,-21.375375320089873,87.49617355817323
2133,CHANNEL_DROPOUT,crossing,-25.730898552890437,91.57415352868361
2133,GAIN_DRIFT,benign,-26.861741990025024,89.70012783877135
2133,GAIN_DRIFT,sub,-28.91105785125569,88.90165500355644
2133,GAIN_DRIFT,crossing,-0.10890086363980345,88.7891744754194
2133,GAIN_DRIFT,benign,-29.796387530264838,91.57415352868361
2133,GAIN_DRIFT,sub,-26.59436313408615,91.1881663540418
2133,GAIN_DRIFT,crossing,-12.354549751265566,90.80217917939999
2133,GAIN_DRIFT,benign,-23.197280105873013,83.86265391887488
2133,GAIN_DRIFT,sub,-23.524443818259407,87.49617355817323
2133,GAIN_DRIFT,crossing,-23.54483089666664,92.47882497470654
2133,GEOMETRY_ROTATION,benign,-28.571173355305795,91.57415352868361
2133,GEOMETRY_ROTATION,sub,-24.250233306860125,86.77616977143882
2133,GEOMETRY_ROTATION,crossing,-1.3522572424753179,86.77616977143882
2133,GEOMETRY_ROTATION,benign,-29.003893251495384,91.70758069329511
2133,GEOMETRY_ROTATION,sub,-26.37717367120721,89.50917826215381
2133,GEOMETRY_ROTATION,crossing,-2.537884724925931,90.80217917939999
2133,GEOMETRY_ROTATION,benign,-28.007379853416275,91.57415352868361
2133,GEOMETRY_ROTATION,sub,-26.247361976349154,89.50917826215381
2133,GEOMETRY_ROTATION,crossing,-31.64421524376074,91.1881663540418
2133,RATE_LOSS,benign,-6.4392821118451025,63.64400597036631
2133,RATE_LOSS,sub,-7.618760047352033,63.978206991905154
2133,RATE_LOSS,crossing,-6.33326951798017,62.53034339163307
2133,RATE_LOSS,benign,-6.656956708768348,63.978206991905154
2133,RATE_LOSS,sub,-8.26831180483584,64.19011354616921
2133,RATE_LOSS,crossing,-8.472256576403325,63.76630043764109
2133,RATE_LOSS,benign,-6.691624761197488,64.19011354616921
2133,RATE_LOSS,sub,-7.856229237875702,64.44779890188207
2133,RATE_LOSS,crossing,-6.286061817368761,63.64400597036631
2133,CHANNEL_DROPOUT,benign,-5.764897877753285,63.76630043764109
2133,CHANNEL_DROPOUT,sub,0.03582171355384389,64.70548425759493
2133,CHANNEL_DROPOUT,crossing,8.842837615149513,61.91804977140598
2133,CHANNEL_DROPOUT,benign,-7.616294926326681,64.44779890188207
2133,CHANNEL_DROPOUT,sub,-4.526708910047837,63.76630043764109
2133,CHANNEL_DROPOUT,crossing,5.53915910441539,64.44779890188207
2133,CHANNEL_DROPOUT,benign,4.443323874152824,63.64400597036631
2133,CHANNEL_DROPOUT,sub,-6.974069276421453,63.978206991905154
2133,CHANNEL_DROPOUT,crossing,-2.612982047924561,64.19011354616921
2133,GAIN_DRIFT,benign,-7.242043677578721,64.19011354616921
2133,GAIN_DRIFT,sub,-7.995300476850609,63.64400597036631
2133,GAIN_DRIFT,crossing,14.113782292322725,65.37914609516451
2133,GAIN_DRIFT,benign,-8.05047304830913,64.19011354616921
2133,GAIN_DRIFT,sub,-8.286131463813518,63.7051532040037
2133,GAIN_DRIFT,crossing,3.437025748944791,63.76630043764109
2133,GAIN_DRIFT,benign,-6.770025330112588,63.7051532040037
2133,GAIN_DRIFT,sub,0.8237964083075866,63.76630043764109
2133,GAIN_DRIFT,crossing,-3.5880250298871914,64.19011354616921
2133,GEOMETRY_ROTATION,benign,-7.05411273406682,63.64400597036631
2133,GEOMETRY_ROTATION,sub,-5.424858994710732,64.44779890188207
2133,GEOMETRY_ROTATION,crossing,11.218274132768443,65.44350867913957
2133,GEOMETRY_ROTATION,benign,-6.378260800315694,63.7051532040037
2133,GEOMETRY_ROTATION,sub,-5.507366803857892,64.19011354616921
2133,GEOMETRY_ROTATION,crossing,6.619426391242065,63.7051532040037
2133,GEOMETRY_ROTATION,benign,-6.481563040842751,63.978206991905154
2133,GEOMETRY_ROTATION,sub,-6.98842927253429,63.978206991905154
2133,GEOMETRY_ROTATION,crossing,0.9604137121547254,63.7051532040037
2133,RATE_LOSS,benign,2.88406233170285,58.570880971333985
2133,RATE_LOSS,sub,6.513560782833366,58.20673389821684
2133,RATE_LOSS,crossing,5.082990918993936,62.08333603583551
2133,RATE_LOSS,benign,4.6945408123105565,58.14679589331518
2133,RATE_LOSS,sub,-1.2955373823223297,61.42445056895756
2133,RATE_LOSS,crossing,4.195716253818901,60.25010541895408
2133,RATE_LOSS,benign,-0.21764896506328313,59.559514162320646
2133,RATE_LOSS,sub,-2.97955310036874,62.102306444641364
2133,RATE_LOSS,crossing,-1.8395393282133767,61.92941261526218
2133,CHANNEL_DROPOUT,benign,-1.9926877044353333,60.4919823656391
2133,CHANNEL_DROPOUT,sub,7.374289968898331,58.35883843232458
2133,CHANNEL_DROPOUT,crossing,4.067732353931682,59.065197566827315
2133,CHANNEL_DROPOUT,benign,-2.744864407732365,61.42445056895756
2133,CHANNEL_DROPOUT,sub,9.169555599564497,58.66311682189946
2133,CHANNEL_DROPOUT,crossing,8.841609380049633,61.39625419813227
2133,CHANNEL_DROPOUT,benign,1.2267233841904073,58.645746154749325
2133,CHANNEL_DROPOUT,sub,11.222552325691609,60.4919823656391
2133,CHANNEL_DROPOUT,crossing,-0.40252447597648455,61.932188523199514
2133,GAIN_DRIFT,benign,-2.873494375367642,60.4919823656391
2133,GAIN_DRIFT,sub,7.536748445988991,61.048075731512625
2133,GAIN_DRIFT,crossing,4.223294172240095,59.559514162320646
2133,GAIN_DRIFT,benign,-1.8003007307492638,60.4919823656391
2133,GAIN_DRIFT,sub,2.0008993524495793,58.05847339542875
2133,GAIN_DRIFT,crossing,-2.6199169978535934,59.67960084796728
2133,GAIN_DRIFT,benign,2.32193243248539,61.44827592220273
2133,GAIN_DRIFT,sub,-0.5181995510485891,61.42445056895756
2133,GAIN_DRIFT,crossing,3.5087682122560437,58.05847339542875
2133,GEOMETRY_ROTATION,benign,6.310386120561098,58.15749240228133
2133,GEOMETRY_ROTATION,sub,4.6966739541171805,58.570880971333985
2133,GEOMETRY_ROTATION,crossing,22.11200094954374,59.36684707567602
2133,GEOMETRY_ROTATION,benign,1.8616064022504304,59.433964081587305
2133,GEOMETRY_ROTATION,sub,-5.124373894615637,61.946681081067325
2133,GEOMETRY_ROTATION,crossing,15.520269872964818,61.57625961502684
2133,GEOMETRY_ROTATION,benign,-0.9545852271244968,61.42445056895756
2133,GEOMETRY_ROTATION,sub,3.721217635703553,60.4919823656391
2133,GEOMETRY_ROTATION,crossing,19.750066604660915,60.4919823656391
2135,RATE_LOSS,benign,-7.25650994592975,105.07952020927476
2135,RATE_LOSS,sub,-5.636341524336444,101.3407096226336
2135,RATE_LOSS,crossing,-5.482425690184925,103.47235392435815
2135,RATE_LOSS,benign,-7.3505573475913195,105.07952020927476
2135,RATE_LOSS,sub,-4.830205034989277,101.17056251708077
2135,RATE_LOSS,crossing,-5.183999587228328,103.86826607338129
2135,RATE_LOSS,benign,-5.973170788674281,103.66843824402778
2135,RATE_LOSS,sub,-4.8880065135077615,102.31843900993982
2135,RATE_LOSS,crossing,-5.117261731068439,102.84178027947236
2135,CHANNEL_DROPOUT,benign,-7.41448081410573,103.66302477969947
2135,CHANNEL_DROPOUT,sub,4.989084866797299,101.56897227667405
2135,CHANNEL_DROPOUT,crossing,-16.266487211411288,103.15706710191526
2135,CHANNEL_DROPOUT,benign,-6.016736050394925,103.67198672141278
2135,CHANNEL_DROPOUT,sub,-9.223368563306337,105.07952020927476
2135,CHANNEL_DROPOUT,crossing,5.503436810600661,106.29077434516824
2135,CHANNEL_DROPOUT,benign,-3.965896666884092,101.51085672818643
2135,CHANNEL_DROPOUT,sub,-4.635485384630655,103.15706710191526
2135,CHANNEL_DROPOUT,crossing,-5.942451036857435,101.78839330690101
2135,GAIN_DRIFT,benign,-4.061061034835745,104.43346448372499
2135,GAIN_DRIFT,sub,-22.897345417315677,103.41651167421107
2135,GAIN_DRIFT,crossing,-8.075211883714417,101.79225748936638
2135,GAIN_DRIFT,benign,-6.3968609488941865,105.07952020927476
2135,GAIN_DRIFT,sub,2.717651428261405,104.15169440926947
2135,GAIN_DRIFT,crossing,6.040710835042773,106.62627199426268
2135,GAIN_DRIFT,benign,-5.281463768954893,101.78839330690101
2135,GAIN_DRIFT,sub,-4.89121357117871,106.29077434516824
2135,GAIN_DRIFT,crossing,1.1096578357333584,101.79225748936638
2135,GEOMETRY_ROTATION,benign,-6.609013785921476,103.47173547590751
2135,GEOMETRY_ROTATION,sub,-7.645034808563253,103.86826607338129
2135,GEOMETRY_ROTATION,crossing,-23.309708205986126,102.84178027947236
2135,GEOMETRY_ROTATION,benign,-2.816360973539446,103.15706710191526
2135,GEOMETRY_ROTATION,sub,1.7295158010684446,104.65698927750313
2135,GEOMETRY_ROTATION,crossing,-18.142076365407306,106.29077434516824
2135,GEOMETRY_ROTATION,benign,-5.197656446845173,102.31906138006025
2135,GEOMETRY_ROTATION,sub,-10.13322518390109,105.07952020927476
2135,GEOMETRY_ROTATION,crossing,-2.032592718342414,103.86826607338129
2135,RATE_LOSS,benign,-1.4390220944303849,86.2437179462141
2135,RATE_LOSS,sub,-1.708899006015102,86.73448069537561
2135,RATE_LOSS,crossing,1.6898215042894265,86.16008936693396
2135,RATE_LOSS,benign,-7.0288591399905584,91.76413138565768
2135,RATE_LOSS,sub,-0.2849067496182158,85.79321788775007
2135,RATE_LOSS,crossing,-2.437044144383222,88.52350686237286
2135,RATE_LOSS,benign,-1.5503533056538288,86.26979850046328
2135,RATE_LOSS,sub,-5.641726029037613,90.8286007340271
2135,RATE_LOSS,crossing,2.0222341760153597,84.54068356309779
2135,CHANNEL_DROPOUT,benign,-5.34412603016699,89.54305571761702
2135,CHANNEL_DROPOUT,sub,-2.8493640901741344,90.8286007340271
2135,CHANNEL_DROPOUT,crossing,1.316319569120708,93.31236051015306
2135,CHANNEL_DROPOUT,benign,-7.24736044114438,88.79446193271696
2135,CHANNEL_DROPOUT,sub,7.5201926220611455,88.80542576176352
2135,CHANNEL_DROPOUT,crossing,-5.782218544232677,92.67474905249495
2135,CHANNEL_DROPOUT,benign,-1.8203439100583694,86.56614356489737
2135,CHANNEL_DROPOUT,sub,-1.5757683698016365,90.8286007340271
2135,CHANNEL_DROPOUT,crossing,3.624963014482333,86.11480367324204
2135,GAIN_DRIFT,benign,-1.8510254522893916,87.13319038091056
2135,GAIN_DRIFT,sub,0.6727706855836146,83.22113104949484
2135,GAIN_DRIFT,crossing,5.614400509893002,97.0520684094422
2135,GAIN_DRIFT,benign,-4.029675894047529,92.81617784654478
2135,GAIN_DRIFT,sub,0.3834732355149839,92.41357928559049
2135,GAIN_DRIFT,crossing,-15.05512175318107,92.85143068147912
2135,GAIN_DRIFT,benign,-6.07593847844619,92.12462543793555
2135,GAIN_DRIFT,sub,-6.349797827021874,90.8286007340271
2135,GAIN_DRIFT,crossing,-0.038235816891230456,87.79614275434592
2135,GEOMETRY_ROTATION,benign,-0.4830620811237196,85.47744475078255
2135,GEOMETRY_ROTATION,sub,-9.060047682041215,87.70759743595391
2135,GEOMETRY_ROTATION,crossing,0.4890192846280712,86.73448069537561
2135,GEOMETRY_ROTATION,benign,-3.828605867246125,88.71975268574943
2135,GEOMETRY_ROTATION,sub,-1.4219567545193712,87.75489546910576
2135,GEOMETRY_ROTATION,crossing,4.700599894350134,93.58189368592602
2135,GEOMETRY_ROTATION,benign,-7.861795373837651,90.8286007340271
2135,GEOMETRY_ROTATION,sub,-1.1499442940845057,86.73448069537561
2135,GEOMETRY_ROTATION,crossing,-13.552905252662413,90.8286007340271
2135,RATE_LOSS,benign,-7.285645560443712,70.29763603404766
2135,RATE_LOSS,sub,5.029736705381367,59.13969054940509
2135,RATE_LOSS,crossing,9.476809201731385,58.549329873178635
2135,RATE_LOSS,benign,-28.255865514332612,89.70849596420085
2135,RATE_LOSS,sub,-15.478145380607153,77.99344669925426
2135,RATE_LOSS,crossing,10.410474391112459,58.67386424791765
2135,RATE_LOSS,benign,3.9564040257257105,59.77813252643546
2135,RATE_LOSS,sub,-19.93607263802894,82.29643909572707
2135,RATE_LOSS,crossing,-28.424253236168845,89.70849596420085
2135,CHANNEL_DROPOUT,benign,5.46493548388014,56.645934193243555
2135,CHANNEL_DROPOUT,sub,16.873989847281933,66.05536210753647
2135,CHANNEL_DROPOUT,crossing,-9.036436114268227,82.29643909572707
2135,CHANNEL_DROPOUT,benign,-15.923984908393749,77.99344669925426
2135,CHANNEL_DROPOUT,sub,-6.588889198061821,77.99344669925426
2135,CHANNEL_DROPOUT,crossing,4.7888229452095175,73.69045430278146
2135,CHANNEL_DROPOUT,benign,-24.767074684500827,86.00246752996395
2135,CHANNEL_DROPOUT,sub,0.7247843773005869,59.542025310125844
2135,CHANNEL_DROPOUT,crossing,11.056555412579634,59.702112952767784
2135,GAIN_DRIFT,benign,-17.392766576401243,73.69045430278146
2135,GAIN_DRIFT,sub,2.079851911277217,82.29643909572707
2135,GAIN_DRIFT,crossing,-17.237264729268404,77.99344669925426
2135,GAIN_DRIFT,benign,-5.806052616151135,66.90481776531387
2135,GAIN_DRIFT,sub,4.119268180555665,59.542025310125844
2135,GAIN_DRIFT,crossing,-10.779191233445523,73.69045430278146
2135,GAIN_DRIFT,benign,19.92032360709006,59.862200595409725
2135,GAIN_DRIFT,sub,12.141113604247472,59.542025310125844
2135,GAIN_DRIFT,crossing,14.965927469294598,73.69045430278146
2135,GEOMETRY_ROTATION,benign,15.020770302039615,59.702112952767784
2135,GEOMETRY_ROTATION,sub,-18.53045494493231,82.29643909572707
2135,GEOMETRY_ROTATION,crossing,8.104964140805542,61.062850976372836
2135,GEOMETRY_ROTATION,benign,-6.525384509283818,70.29763603404766
2135,GEOMETRY_ROTATION,sub,-18.985961578474317,86.00246752996395
2135,GEOMETRY_ROTATION,crossing,-8.352270386750419,89.70849596420085
2135,GEOMETRY_ROTATION,benign,4.87485124625622,60.28246951746342
2135,GEOMETRY_ROTATION,sub,14.581377711400357,59.702112952767784
2135,GEOMETRY_ROTATION,crossing,10.047330820111995,58.40381394210159
2135,RATE_LOSS,benign,-14.627277910024375,76.28481001484089
2135,RATE_LOSS,sub,-15.02493418184605,76.28481001484089
2135,RATE_LOSS,crossing,-12.196209430610416,75.96309680382863
2135,RATE_LOSS,benign,-13.936650349262948,75.39019026830046
2135,RATE_LOSS,sub,-14.615923207092962,76.12395340933476
2135,RATE_LOSS,crossing,-11.150226835755788,75.39670329312045
2135,RATE_LOSS,benign,-15.66487281606748,76.28481001484089
2135,RATE_LOSS,sub,-14.390122786538974,75.39670329312045
2135,RATE_LOSS,crossing,-16.10631895337321,79.6388651125702
2135,CHANNEL_DROPOUT,benign,-14.304438601478722,76.12395340933476
2135,CHANNEL_DROPOUT,sub,-11.639965095276764,75.39670329312045
2135,CHANNEL_DROPOUT,crossing,-5.068674483939276,76.28481001484089
2135,CHANNEL_DROPOUT,benign,-12.353833630181143,76.12395340933476
2135,CHANNEL_DROPOUT,sub,-13.839973225242161,76.58524739072249
2135,CHANNEL_DROPOUT,crossing,8.82717282375431,74.83030978241227
2135,CHANNEL_DROPOUT,benign,-12.040171929627917,75.39670329312045
2135,CHANNEL_DROPOUT,sub,2.07448752119889,75.96309680382863
2135,CHANNEL_DROPOUT,crossing,-14.35702817790839,76.12395340933476
2135,GAIN_DRIFT,benign,-11.226414143186119,75.96309680382863
2135,GAIN_DRIFT,sub,0.6637626680576574,76.28481001484089
2135,GAIN_DRIFT,crossing,-9.544983171745628,75.96309680382863
2135,GAIN_DRIFT,benign,-13.071709744396756,75.96309680382863
2135,GAIN_DRIFT,sub,-12.693360835644341,77.9664872669334
2135,GAIN_DRIFT,crossing,21.939262709530226,78.42614303502533
2135,GAIN_DRIFT,benign,-15.692098232593544,76.58524739072249
2135,GAIN_DRIFT,sub,-11.109970312338177,76.28481001484089
2135,GAIN_DRIFT,crossing,-16.860899704588732,77.95706206504518
2135,GEOMETRY_ROTATION,benign,-14.500279713659395,76.28481001484089
2135,GEOMETRY_ROTATION,sub,-13.109616687614682,74.83030978241227
2135,GEOMETRY_ROTATION,crossing,-6.4862111237840026,76.28481001484089
2135,GEOMETRY_ROTATION,benign,-13.647650990314467,76.28481001484089
2135,GEOMETRY_ROTATION,sub,-12.762945841130474,76.12395340933476
2135,GEOMETRY_ROTATION,crossing,-1.2564143135315078,76.12395340933476
2135,GEOMETRY_ROTATION,benign,-13.422785684424042,76.12395340933476
2135,GEOMETRY_ROTATION,sub,-9.45342278165738,75.39670329312045
2135,GEOMETRY_ROTATION,crossing,-10.106232638922222,75.96309680382863
2149,RATE_LOSS,benign,0.003490962865583924,68.23718650008097
2149,RATE_LOSS,sub,0.2735053219398651,67.86800080760429
2149,RATE_LOSS,crossing,1.3690403349396547,67.99064967014488
2149,RATE_LOSS,benign,1.6220789815111232,67.30562793925777
2149,RATE_LOSS,sub,-1.108778892233417,68.68215489075254
2149,RATE_LOSS,crossing,1.1225035050035643,68.23718650008097
2149,RATE_LOSS,benign,1.663924428323881,67.58368412700817
2149,RATE_LOSS,sub,-0.1065351279716964,68.23718650008097
2149,RATE_LOSS,crossing,0.8209444965858523,68.36107446747646
2149,CHANNEL_DROPOUT,benign,1.5494781987894015,68.36107446747646
2149,CHANNEL_DROPOUT,sub,1.9891977611993212,67.99064967014488
2149,CHANNEL_DROPOUT,crossing,5.413923545646881,68.36107446747646
2149,CHANNEL_DROPOUT,benign,0.585536469842296,68.36107446747646
2149,CHANNEL_DROPOUT,sub,2.4907687238366947,68.11329853268548
2149,CHANNEL_DROPOUT,crossing,18.18667136099957,68.11329853268548
2149,CHANNEL_DROPOUT,benign,2.069303960789796,67.5969205834035
2149,CHANNEL_DROPOUT,sub,3.1392698642956987,67.86800080760429
2149,CHANNEL_DROPOUT,crossing,17.119402822930823,68.10361619464601
2149,GAIN_DRIFT,benign,2.5849184705242294,67.76975277270026
2149,GAIN_DRIFT,sub,-1.0489092833766591,66.84528685087292
2149,GAIN_DRIFT,crossing,4.913875286853184,67.80201992586025
2149,GAIN_DRIFT,benign,-0.4488261654837089,67.99064967014488
2149,GAIN_DRIFT,sub,10.882425364136125,68.55893076153504
2149,GAIN_DRIFT,crossing,1.0670834097861643,68.52161467911449
2149,GAIN_DRIFT,benign,2.4793657106025933,67.78655577566988
2149,GAIN_DRIFT,sub,0.05428192496056283,67.58312546127038
2149,GAIN_DRIFT,crossing,0.07216346780089111,67.14401111212254
2149,GEOMETRY_ROTATION,benign,-1.0434754454869335,68.23718650008097
2149,GEOMETRY_ROTATION,sub,-2.6062043913846935,68.36107446747646
2149,GEOMETRY_ROTATION,crossing,1.1219245438289391,68.23718650008097
2149,GEOMETRY_ROTATION,benign,-1.8726926996983195,68.52161467911449
2149,GEOMETRY_ROTATION,sub,4.265310516533006,67.86800080760429
2149,GEOMETRY_ROTATION,crossing,14.006794493120069,68.36107446747646
2149,GEOMETRY_ROTATION,benign,-0.9273742130433078,68.23718650008097
2149,GEOMETRY_ROTATION,sub,-0.8167420959875216,67.99064967014488
2149,GEOMETRY_ROTATION,crossing,9.833657365330637,68.23718650008097
2149,RATE_LOSS,benign,4.560153919682833,68.17028738287856
2149,RATE_LOSS,sub,6.158700328185645,68.01375645374148
2149,RATE_LOSS,crossing,8.32225019174561,68.2388954956088
2149,RATE_LOSS,benign,6.621796130630997,65.26520074691584
2149,RATE_LOSS,sub,4.6211086136896,68.01375645374148
2149,RATE_LOSS,crossing,8.226055206909038,65.26520074691584
2149,RATE_LOSS,benign,5.007285813909874,68.58285074389383
2149,RATE_LOSS,sub,5.556034263838868,68.58285074389383
2149,RATE_LOSS,crossing,6.8891601154160895,65.59324540418581
2149,CHANNEL_DROPOUT,benign,4.245831492509723,68.32681831201563
2149,CHANNEL_DROPOUT,sub,2.0822844514753456,66.60534776456636
2149,CHANNEL_DROPOUT,crossing,22.1868234631944,65.5766989025442
2149,CHANNEL_DROPOUT,benign,6.6495753074634365,65.26520074691584
2149,CHANNEL_DROPOUT,sub,4.091656283244234,68.17028738287856
2149,CHANNEL_DROPOUT,crossing,16.163843867919383,68.17028738287856
2149,CHANNEL_DROPOUT,benign,4.308413856729729,68.17028738287856
2149,CHANNEL_DROPOUT,sub,7.300753573971392,66.70298212249122
2149,CHANNEL_DROPOUT,crossing,3.8286418911238087,68.17028738287856
2149,GAIN_DRIFT,benign,7.57160949549116,68.32681831201563
2149,GAIN_DRIFT,sub,2.983192804692351,65.26520074691584
2149,GAIN_DRIFT,crossing,15.067869496080277,65.91072175206165
2149,GAIN_DRIFT,benign,4.2427604867862385,68.17028738287856
2149,GAIN_DRIFT,sub,11.259560022031636,67.35836928811635
2149,GAIN_DRIFT,crossing,12.999386862198278,68.01375645374148
2149,GAIN_DRIFT,benign,5.769814401443327,68.29986955475735
2149,GAIN_DRIFT,sub,4.324862495286297,68.01375645374148
2149,GAIN_DRIFT,crossing,8.463605074545498,68.6550375166271
2149,GEOMETRY_ROTATION,benign,7.591602540381416,68.83888317577203
2149,GEOMETRY_ROTATION,sub,8.277892072926079,65.50099159541307
2149,GEOMETRY_ROTATION,crossing,-1.6086174273958704,66.82755863306683
2149,GEOMETRY_ROTATION,benign,5.433173191034072,66.04193554226424
2149,GEOMETRY_ROTATION,sub,6.247302853158146,66.60534776456636
2149,GEOMETRY_ROTATION,crossing,9.807362513748856,66.12030947189155
2149,GEOMETRY_ROTATION,benign,5.714620380228553,66.05727577574302
2149,GEOMETRY_ROTATION,sub,5.209241697383433,66.70298212249122
2149,GEOMETRY_ROTATION,crossing,7.878634327282384,68.58285074389383
2149,RATE_LOSS,benign,0.7021623183284902,67.60502108849732
2149,RATE_LOSS,sub,7.853010547645837,66.84295793565073
2149,RATE_LOSS,crossing,4.9737440789144785,67.6207772301484
2149,RATE_LOSS,benign,8.219024777056305,66.93553036620585
2149,RATE_LOSS,sub,9.328720148716272,66.63828714046825
2149,RATE_LOSS,crossing,5.450962866716139,67.22362708133218
2149,RATE_LOSS,benign,8.216988478578017,66.94336549648459
2149,RATE_LOSS,sub,8.046616946492122,66.93413864491308
2149,RATE_LOSS,crossing,8.338271685118016,66.78564134461871
2149,CHANNEL_DROPOUT,benign,1.552804317862197,67.60380025659936
2149,CHANNEL_DROPOUT,sub,17.945234615379917,67.42608116047543
2149,CHANNEL_DROPOUT,crossing,2.0253180482049373,67.39943908411011
2149,CHANNEL_DROPOUT,benign,10.148878885893822,67.18782138360024
2149,CHANNEL_DROPOUT,sub,1.4276168210815996,67.60502108849732
2149,CHANNEL_DROPOUT,crossing,20.894490721686324,67.60380025659936
2149,CHANNEL_DROPOUT,benign,10.746555761014633,66.85758103363185
2149,CHANNEL_DROPOUT,sub,7.841266731985243,67.60441067254834
2149,CHANNEL_DROPOUT,crossing,5.880573042984238,67.8264284453407
2149,GAIN_DRIFT,benign,0.8653490871835459,66.78922588754233
2149,GAIN_DRIFT,sub,2.8131579330689362,67.73331092358839
2149,GAIN_DRIFT,crossing,5.081956904389656,66.9050821478532
2149,GAIN_DRIFT,benign,4.935598067502227,67.58042605052644
2149,GAIN_DRIFT,sub,-4.042622725580387,67.60380025659936
2149,GAIN_DRIFT,crossing,11.626674609925516,67.27314279788378
2149,GAIN_DRIFT,benign,2.9798177160097765,67.37085735079043
2149,GAIN_DRIFT,sub,11.024155635158365,67.36273749367508
2149,GAIN_DRIFT,crossing,1.9301857791701735,66.87282584086755
2149,GEOMETRY_ROTATION,benign,-0.8292552035718472,67.60502108849732
2149,GEOMETRY_ROTATION,sub,8.242815744368585,67.18679071546731
2149,GEOMETRY_ROTATION,crossing,1.6286696683666264,67.53244235016793
2149,GEOMETRY_ROTATION,benign,3.478081676418441,67.59879582665612
2149,GEOMETRY_ROTATION,sub,-0.6381096524775245,67.60502108849732
2149,GEOMETRY_ROTATION,crossing,11.441481882382291,67.52565943289387
2149,GEOMETRY_ROTATION,benign,10.146073804097739,66.69233742493795
2149,GEOMETRY_ROTATION,sub,4.780401644359188,67.2098319530148
2149,GEOMETRY_ROTATION,crossing,-3.3508502829424174,66.84398257359598
2149,RATE_LOSS,benign,-8.15574546468872,78.64333773263188
2149,RATE_LOSS,sub,-7.1052615067517735,77.01734629087021
2149,RATE_LOSS,crossing,-3.2209143504333326,76.99616335328278
2149,RATE_LOSS,benign,-8.491861144078484,76.9362737318408
2149,RATE_LOSS,sub,-6.13780766112076,77.03852922845763
2149,RATE_LOSS,crossing,-2.8275093220757412,77.97786340447459
2149,RATE_LOSS,benign,-7.169567526931843,77.1400459591183
2149,RATE_LOSS,sub,-8.281716250438649,76.99616335328278
2149,RATE_LOSS,crossing,-6.687435232905884,79.2874290647363
2149,CHANNEL_DROPOUT,benign,-9.03980218699769,78.64333773263188
2149,CHANNEL_DROPOUT,sub,-1.6167017768332101,77.03852922845763
2149,CHANNEL_DROPOUT,crossing,-2.2386056278478748,76.99616335328278
2149,CHANNEL_DROPOUT,benign,-8.701008817237891,76.99616335328278
2149,CHANNEL_DROPOUT,sub,3.663367017918077,77.13957273247895
2149,CHANNEL_DROPOUT,crossing,-7.452475261921819,76.83976846896071
2149,CHANNEL_DROPOUT,benign,-10.610235181363464,79.2874290647363
2149,CHANNEL_DROPOUT,sub,-4.7817718288601725,79.72582739375099
2149,CHANNEL_DROPOUT,crossing,-3.130253485101562,76.99616335328278
2149,GAIN_DRIFT,benign,-8.724984641748776,76.99616335328278
2149,GAIN_DRIFT,sub,-6.225336201991581,77.03852922845763
2149,GAIN_DRIFT,crossing,-6.284644750645157,76.81738309155777
2149,GAIN_DRIFT,benign,-8.097055212601376,78.64333773263188
2149,GAIN_DRIFT,sub,-10.8953075892735,76.9362737318408
2149,GAIN_DRIFT,crossing,-3.2057211033470168,77.24061623650027
2149,GAIN_DRIFT,benign,-9.526543652709961,76.9362737318408
2149,GAIN_DRIFT,sub,-11.544819195056363,77.03852922845763
2149,GAIN_DRIFT,crossing,-2.844895729471446,78.64333773263188
2149,GEOMETRY_ROTATION,benign,-9.949097285733998,76.99616335328278
2149,GEOMETRY_ROTATION,sub,-9.195771536380477,76.9362737318408
2149,GEOMETRY_ROTATION,crossing,-2.7641205270179086,77.24061623650027
2149,GEOMETRY_ROTATION,benign,-8.268368636000034,77.01734629087021
2149,GEOMETRY_ROTATION,sub,-9.414518717629917,77.03852922845763
2149,GEOMETRY_ROTATION,crossing,-5.42494329344467,77.01734629087021
2149,GEOMETRY_ROTATION,benign,-5.488610749058168,76.99616335328278
2149,GEOMETRY_ROTATION,sub,-8.178805758374025,77.24061623650027
2149,GEOMETRY_ROTATION,crossing,-8.342382326648888,76.99616335328278
